voter,choice,created,proposal
0x6E2c266a5fd854373ede37CDcb1bF3Eb06900B07,1,1675684820,"{'id': '0x303862e5331679f13cc4d9040debc6cfb73f715b01fcdc91adc7b017b7ffdf6c', 'title': '[Epoch-16] MerkleTree Notarization', 'author': '0x0810C422E4abD05c752618B403d26cf60bB50B5C', 'created': 1675427257, 'start': 1675427248, 'end': 1675686448, 'choices': ['Valid', 'Invalid']}"
0x8Dff636eFb8F6889Af1d0d588CD4a05994D478Ee,1,1675681840,"{'id': '0x303862e5331679f13cc4d9040debc6cfb73f715b01fcdc91adc7b017b7ffdf6c', 'title': '[Epoch-16] MerkleTree Notarization', 'author': '0x0810C422E4abD05c752618B403d26cf60bB50B5C', 'created': 1675427257, 'start': 1675427248, 'end': 1675686448, 'choices': ['Valid', 'Invalid']}"
0x542256Ef33279C5545AA71f4b3B6298990f30Ffc,1,1675680773,"{'id': '0x303862e5331679f13cc4d9040debc6cfb73f715b01fcdc91adc7b017b7ffdf6c', 'title': '[Epoch-16] MerkleTree Notarization', 'author': '0x0810C422E4abD05c752618B403d26cf60bB50B5C', 'created': 1675427257, 'start': 1675427248, 'end': 1675686448, 'choices': ['Valid', 'Invalid']}"
0x89d2D4934ee4F1f579056418e6aeb136Ee919d65,1,1675680695,"{'id': '0x303862e5331679f13cc4d9040debc6cfb73f715b01fcdc91adc7b017b7ffdf6c', 'title': '[Epoch-16] MerkleTree Notarization', 'author': '0x0810C422E4abD05c752618B403d26cf60bB50B5C', 'created': 1675427257, 'start': 1675427248, 'end': 1675686448, 'choices': ['Valid', 'Invalid']}"
0xa30C7B2e676bE6b0C26D631c8161b62eBeBC3cD2,1,1675680649,"{'id': '0x303862e5331679f13cc4d9040debc6cfb73f715b01fcdc91adc7b017b7ffdf6c', 'title': '[Epoch-16] MerkleTree Notarization', 'author': '0x0810C422E4abD05c752618B403d26cf60bB50B5C', 'created': 1675427257, 'start': 1675427248, 'end': 1675686448, 'choices': ['Valid', 'Invalid']}"
0x4281579D99d855F2430C95a13720e53a0fCC0549,1,1675680609,"{'id': '0x303862e5331679f13cc4d9040debc6cfb73f715b01fcdc91adc7b017b7ffdf6c', 'title': '[Epoch-16] MerkleTree Notarization', 'author': '0x0810C422E4abD05c752618B403d26cf60bB50B5C', 'created': 1675427257, 'start': 1675427248, 'end': 1675686448, 'choices': ['Valid', 'Invalid']}"
0xB0331b22161cA290A15f825A29C008dCB5e1ff68,1,1675677652,"{'id': '0x303862e5331679f13cc4d9040debc6cfb73f715b01fcdc91adc7b017b7ffdf6c', 'title': '[Epoch-16] MerkleTree Notarization', 'author': '0x0810C422E4abD05c752618B403d26cf60bB50B5C', 'created': 1675427257, 'start': 1675427248, 'end': 1675686448, 'choices': ['Valid', 'Invalid']}"
0x305308cC98560E63e933A6bD70392617c9829BF8,1,1675674701,"{'id': '0x303862e5331679f13cc4d9040debc6cfb73f715b01fcdc91adc7b017b7ffdf6c', 'title': '[Epoch-16] MerkleTree Notarization', 'author': '0x0810C422E4abD05c752618B403d26cf60bB50B5C', 'created': 1675427257, 'start': 1675427248, 'end': 1675686448, 'choices': ['Valid', 'Invalid']}"
0x9A456152E0Da127C30a49357A461f4c3F80bd630,1,1675671767,"{'id': '0x303862e5331679f13cc4d9040debc6cfb73f715b01fcdc91adc7b017b7ffdf6c', 'title': '[Epoch-16] MerkleTree Notarization', 'author': '0x0810C422E4abD05c752618B403d26cf60bB50B5C', 'created': 1675427257, 'start': 1675427248, 'end': 1675686448, 'choices': ['Valid', 'Invalid']}"
0xd384Cc029B537503895fE252f94FBA87A05D677E,1,1675660410,"{'id': '0x303862e5331679f13cc4d9040debc6cfb73f715b01fcdc91adc7b017b7ffdf6c', 'title': '[Epoch-16] MerkleTree Notarization', 'author': '0x0810C422E4abD05c752618B403d26cf60bB50B5C', 'created': 1675427257, 'start': 1675427248, 'end': 1675686448, 'choices': ['Valid', 'Invalid']}"
0x44aFfd16cc53Ffb96E40c3caeF33261600DeF1AA,1,1675658808,"{'id': '0x303862e5331679f13cc4d9040debc6cfb73f715b01fcdc91adc7b017b7ffdf6c', 'title': '[Epoch-16] MerkleTree Notarization', 'author': '0x0810C422E4abD05c752618B403d26cf60bB50B5C', 'created': 1675427257, 'start': 1675427248, 'end': 1675686448, 'choices': ['Valid', 'Invalid']}"
0xC9C03900134fa324422519852094792298c71825,1,1675648835,"{'id': '0x303862e5331679f13cc4d9040debc6cfb73f715b01fcdc91adc7b017b7ffdf6c', 'title': '[Epoch-16] MerkleTree Notarization', 'author': '0x0810C422E4abD05c752618B403d26cf60bB50B5C', 'created': 1675427257, 'start': 1675427248, 'end': 1675686448, 'choices': ['Valid', 'Invalid']}"
0x6dED274b6DE680BF0Dc9352d84c26dF0A58dBD1b,1,1675648763,"{'id': '0x303862e5331679f13cc4d9040debc6cfb73f715b01fcdc91adc7b017b7ffdf6c', 'title': '[Epoch-16] MerkleTree Notarization', 'author': '0x0810C422E4abD05c752618B403d26cf60bB50B5C', 'created': 1675427257, 'start': 1675427248, 'end': 1675686448, 'choices': ['Valid', 'Invalid']}"
0xBA7e9Bb153F9c4C32903b721eB53B751E2c0bF12,1,1675639863,"{'id': '0x303862e5331679f13cc4d9040debc6cfb73f715b01fcdc91adc7b017b7ffdf6c', 'title': '[Epoch-16] MerkleTree Notarization', 'author': '0x0810C422E4abD05c752618B403d26cf60bB50B5C', 'created': 1675427257, 'start': 1675427248, 'end': 1675686448, 'choices': ['Valid', 'Invalid']}"
0x22e81335f9D4A609DF42f56ba5B583f565995296,1,1675636557,"{'id': '0x303862e5331679f13cc4d9040debc6cfb73f715b01fcdc91adc7b017b7ffdf6c', 'title': '[Epoch-16] MerkleTree Notarization', 'author': '0x0810C422E4abD05c752618B403d26cf60bB50B5C', 'created': 1675427257, 'start': 1675427248, 'end': 1675686448, 'choices': ['Valid', 'Invalid']}"
0xdC6b5549763D893b01A41aCF0D7d77CCb44f3417,1,1675636495,"{'id': '0x303862e5331679f13cc4d9040debc6cfb73f715b01fcdc91adc7b017b7ffdf6c', 'title': '[Epoch-16] MerkleTree Notarization', 'author': '0x0810C422E4abD05c752618B403d26cf60bB50B5C', 'created': 1675427257, 'start': 1675427248, 'end': 1675686448, 'choices': ['Valid', 'Invalid']}"
0x3070f20f86fDa706Ac380F5060D256028a46eC29,1,1675633800,"{'id': '0x303862e5331679f13cc4d9040debc6cfb73f715b01fcdc91adc7b017b7ffdf6c', 'title': '[Epoch-16] MerkleTree Notarization', 'author': '0x0810C422E4abD05c752618B403d26cf60bB50B5C', 'created': 1675427257, 'start': 1675427248, 'end': 1675686448, 'choices': ['Valid', 'Invalid']}"
0x1CA4C34b18ECF1df4bA7E2AE0EC1FC5960C349d9,1,1675633515,"{'id': '0x303862e5331679f13cc4d9040debc6cfb73f715b01fcdc91adc7b017b7ffdf6c', 'title': '[Epoch-16] MerkleTree Notarization', 'author': '0x0810C422E4abD05c752618B403d26cf60bB50B5C', 'created': 1675427257, 'start': 1675427248, 'end': 1675686448, 'choices': ['Valid', 'Invalid']}"
0x461F635488972409981EDbD043834dbaA7239FA6,2,1675628691,"{'id': '0x303862e5331679f13cc4d9040debc6cfb73f715b01fcdc91adc7b017b7ffdf6c', 'title': '[Epoch-16] MerkleTree Notarization', 'author': '0x0810C422E4abD05c752618B403d26cf60bB50B5C', 'created': 1675427257, 'start': 1675427248, 'end': 1675686448, 'choices': ['Valid', 'Invalid']}"
0x729D1ee0d3ef2B2b435e4C1093198993F1B6D2B6,1,1675627152,"{'id': '0x303862e5331679f13cc4d9040debc6cfb73f715b01fcdc91adc7b017b7ffdf6c', 'title': '[Epoch-16] MerkleTree Notarization', 'author': '0x0810C422E4abD05c752618B403d26cf60bB50B5C', 'created': 1675427257, 'start': 1675427248, 'end': 1675686448, 'choices': ['Valid', 'Invalid']}"
0x00BA3CA0B6Df1486c912893d9f288311A60ED753,1,1675626906,"{'id': '0x303862e5331679f13cc4d9040debc6cfb73f715b01fcdc91adc7b017b7ffdf6c', 'title': '[Epoch-16] MerkleTree Notarization', 'author': '0x0810C422E4abD05c752618B403d26cf60bB50B5C', 'created': 1675427257, 'start': 1675427248, 'end': 1675686448, 'choices': ['Valid', 'Invalid']}"
0x0A41387C22272749b22B4f777F1543964C19A854,1,1675625630,"{'id': '0x303862e5331679f13cc4d9040debc6cfb73f715b01fcdc91adc7b017b7ffdf6c', 'title': '[Epoch-16] MerkleTree Notarization', 'author': '0x0810C422E4abD05c752618B403d26cf60bB50B5C', 'created': 1675427257, 'start': 1675427248, 'end': 1675686448, 'choices': ['Valid', 'Invalid']}"
0xeb4135a5fff5cD44c08614f012e103a6429f65B3,1,1675625338,"{'id': '0x303862e5331679f13cc4d9040debc6cfb73f715b01fcdc91adc7b017b7ffdf6c', 'title': '[Epoch-16] MerkleTree Notarization', 'author': '0x0810C422E4abD05c752618B403d26cf60bB50B5C', 'created': 1675427257, 'start': 1675427248, 'end': 1675686448, 'choices': ['Valid', 'Invalid']}"
0x1b50afeD405C9930eAe5fb3803418b03F9615B1C,1,1675625234,"{'id': '0x303862e5331679f13cc4d9040debc6cfb73f715b01fcdc91adc7b017b7ffdf6c', 'title': '[Epoch-16] MerkleTree Notarization', 'author': '0x0810C422E4abD05c752618B403d26cf60bB50B5C', 'created': 1675427257, 'start': 1675427248, 'end': 1675686448, 'choices': ['Valid', 'Invalid']}"
0xf06e77fd9289763C1EfdA7B6901f388F47656102,1,1675621547,"{'id': '0x303862e5331679f13cc4d9040debc6cfb73f715b01fcdc91adc7b017b7ffdf6c', 'title': '[Epoch-16] MerkleTree Notarization', 'author': '0x0810C422E4abD05c752618B403d26cf60bB50B5C', 'created': 1675427257, 'start': 1675427248, 'end': 1675686448, 'choices': ['Valid', 'Invalid']}"
0xD9A0013af48591f8524280D6f8f98189cef45308,1,1675620397,"{'id': '0x303862e5331679f13cc4d9040debc6cfb73f715b01fcdc91adc7b017b7ffdf6c', 'title': '[Epoch-16] MerkleTree Notarization', 'author': '0x0810C422E4abD05c752618B403d26cf60bB50B5C', 'created': 1675427257, 'start': 1675427248, 'end': 1675686448, 'choices': ['Valid', 'Invalid']}"
0xE26EDCA05417A65819295c49fC67272Ab247D791,1,1675620361,"{'id': '0x303862e5331679f13cc4d9040debc6cfb73f715b01fcdc91adc7b017b7ffdf6c', 'title': '[Epoch-16] MerkleTree Notarization', 'author': '0x0810C422E4abD05c752618B403d26cf60bB50B5C', 'created': 1675427257, 'start': 1675427248, 'end': 1675686448, 'choices': ['Valid', 'Invalid']}"
0x67017BEbE2A4B8645B28F83D5D472618b35a1230,1,1675613465,"{'id': '0x303862e5331679f13cc4d9040debc6cfb73f715b01fcdc91adc7b017b7ffdf6c', 'title': '[Epoch-16] MerkleTree Notarization', 'author': '0x0810C422E4abD05c752618B403d26cf60bB50B5C', 'created': 1675427257, 'start': 1675427248, 'end': 1675686448, 'choices': ['Valid', 'Invalid']}"
0x28060dcBF0ce053473434BeF98cd4Ea60941523A,1,1675612739,"{'id': '0x303862e5331679f13cc4d9040debc6cfb73f715b01fcdc91adc7b017b7ffdf6c', 'title': '[Epoch-16] MerkleTree Notarization', 'author': '0x0810C422E4abD05c752618B403d26cf60bB50B5C', 'created': 1675427257, 'start': 1675427248, 'end': 1675686448, 'choices': ['Valid', 'Invalid']}"
0xb843De66d048E87d986C6dDA826a79e9a724D894,1,1675607954,"{'id': '0x303862e5331679f13cc4d9040debc6cfb73f715b01fcdc91adc7b017b7ffdf6c', 'title': '[Epoch-16] MerkleTree Notarization', 'author': '0x0810C422E4abD05c752618B403d26cf60bB50B5C', 'created': 1675427257, 'start': 1675427248, 'end': 1675686448, 'choices': ['Valid', 'Invalid']}"
0xf08d3B4048f472db9AFCa622fea6C54Cc1fe141C,1,1675606626,"{'id': '0x303862e5331679f13cc4d9040debc6cfb73f715b01fcdc91adc7b017b7ffdf6c', 'title': '[Epoch-16] MerkleTree Notarization', 'author': '0x0810C422E4abD05c752618B403d26cf60bB50B5C', 'created': 1675427257, 'start': 1675427248, 'end': 1675686448, 'choices': ['Valid', 'Invalid']}"
0x7A57546e74Ada6D8d93892Ffa11a57373dB45E13,1,1675606604,"{'id': '0x303862e5331679f13cc4d9040debc6cfb73f715b01fcdc91adc7b017b7ffdf6c', 'title': '[Epoch-16] MerkleTree Notarization', 'author': '0x0810C422E4abD05c752618B403d26cf60bB50B5C', 'created': 1675427257, 'start': 1675427248, 'end': 1675686448, 'choices': ['Valid', 'Invalid']}"
0x2b614ecc9e91aF9D056EB8ACcCF5D9928A7cF4F7,1,1675606253,"{'id': '0x303862e5331679f13cc4d9040debc6cfb73f715b01fcdc91adc7b017b7ffdf6c', 'title': '[Epoch-16] MerkleTree Notarization', 'author': '0x0810C422E4abD05c752618B403d26cf60bB50B5C', 'created': 1675427257, 'start': 1675427248, 'end': 1675686448, 'choices': ['Valid', 'Invalid']}"
0x66991c98912A882E29e9603B6e1B4c129B34a264,1,1675604603,"{'id': '0x303862e5331679f13cc4d9040debc6cfb73f715b01fcdc91adc7b017b7ffdf6c', 'title': '[Epoch-16] MerkleTree Notarization', 'author': '0x0810C422E4abD05c752618B403d26cf60bB50B5C', 'created': 1675427257, 'start': 1675427248, 'end': 1675686448, 'choices': ['Valid', 'Invalid']}"
0xCaB5541bad35e9ee799BeA9765C3c416D8Cc1Bb8,1,1675603923,"{'id': '0x303862e5331679f13cc4d9040debc6cfb73f715b01fcdc91adc7b017b7ffdf6c', 'title': '[Epoch-16] MerkleTree Notarization', 'author': '0x0810C422E4abD05c752618B403d26cf60bB50B5C', 'created': 1675427257, 'start': 1675427248, 'end': 1675686448, 'choices': ['Valid', 'Invalid']}"
0x657340f8F3187bB251700edE07140aaA93C08c35,1,1675602015,"{'id': '0x303862e5331679f13cc4d9040debc6cfb73f715b01fcdc91adc7b017b7ffdf6c', 'title': '[Epoch-16] MerkleTree Notarization', 'author': '0x0810C422E4abD05c752618B403d26cf60bB50B5C', 'created': 1675427257, 'start': 1675427248, 'end': 1675686448, 'choices': ['Valid', 'Invalid']}"
0x43079513eBD84AFb15BE79021C420Fe8055Bc635,1,1675601719,"{'id': '0x303862e5331679f13cc4d9040debc6cfb73f715b01fcdc91adc7b017b7ffdf6c', 'title': '[Epoch-16] MerkleTree Notarization', 'author': '0x0810C422E4abD05c752618B403d26cf60bB50B5C', 'created': 1675427257, 'start': 1675427248, 'end': 1675686448, 'choices': ['Valid', 'Invalid']}"
0x427197B1FB076c110f5d2bae24Fb05FED97C0456,1,1675601492,"{'id': '0x303862e5331679f13cc4d9040debc6cfb73f715b01fcdc91adc7b017b7ffdf6c', 'title': '[Epoch-16] MerkleTree Notarization', 'author': '0x0810C422E4abD05c752618B403d26cf60bB50B5C', 'created': 1675427257, 'start': 1675427248, 'end': 1675686448, 'choices': ['Valid', 'Invalid']}"
0x74C4623d7609F3eB2665aD32Ff96B44856b6051b,1,1675601457,"{'id': '0x303862e5331679f13cc4d9040debc6cfb73f715b01fcdc91adc7b017b7ffdf6c', 'title': '[Epoch-16] MerkleTree Notarization', 'author': '0x0810C422E4abD05c752618B403d26cf60bB50B5C', 'created': 1675427257, 'start': 1675427248, 'end': 1675686448, 'choices': ['Valid', 'Invalid']}"
0xe5cD86ff7f825a0ff6f699828D5c9bf163C0e3F9,1,1675599740,"{'id': '0x303862e5331679f13cc4d9040debc6cfb73f715b01fcdc91adc7b017b7ffdf6c', 'title': '[Epoch-16] MerkleTree Notarization', 'author': '0x0810C422E4abD05c752618B403d26cf60bB50B5C', 'created': 1675427257, 'start': 1675427248, 'end': 1675686448, 'choices': ['Valid', 'Invalid']}"
0x1e57d972AE6Bc70c101996f0d398BB683Ee052bf,1,1675597770,"{'id': '0x303862e5331679f13cc4d9040debc6cfb73f715b01fcdc91adc7b017b7ffdf6c', 'title': '[Epoch-16] MerkleTree Notarization', 'author': '0x0810C422E4abD05c752618B403d26cf60bB50B5C', 'created': 1675427257, 'start': 1675427248, 'end': 1675686448, 'choices': ['Valid', 'Invalid']}"
0x3bD99939365A7c4426e7556Dc1F54d868a1d2c09,1,1675593895,"{'id': '0x303862e5331679f13cc4d9040debc6cfb73f715b01fcdc91adc7b017b7ffdf6c', 'title': '[Epoch-16] MerkleTree Notarization', 'author': '0x0810C422E4abD05c752618B403d26cf60bB50B5C', 'created': 1675427257, 'start': 1675427248, 'end': 1675686448, 'choices': ['Valid', 'Invalid']}"
0x59AB3cb9CA8B7910Ba2D137A138B69bbF85bDf28,1,1675593631,"{'id': '0x303862e5331679f13cc4d9040debc6cfb73f715b01fcdc91adc7b017b7ffdf6c', 'title': '[Epoch-16] MerkleTree Notarization', 'author': '0x0810C422E4abD05c752618B403d26cf60bB50B5C', 'created': 1675427257, 'start': 1675427248, 'end': 1675686448, 'choices': ['Valid', 'Invalid']}"
0xD506Fb416B0ad8DBf7859B9B38c435405E3d1110,1,1675593507,"{'id': '0x303862e5331679f13cc4d9040debc6cfb73f715b01fcdc91adc7b017b7ffdf6c', 'title': '[Epoch-16] MerkleTree Notarization', 'author': '0x0810C422E4abD05c752618B403d26cf60bB50B5C', 'created': 1675427257, 'start': 1675427248, 'end': 1675686448, 'choices': ['Valid', 'Invalid']}"
0x49e2a5Af17fb2b37a0FF460217dC7A9FF4F34f90,2,1675591111,"{'id': '0x303862e5331679f13cc4d9040debc6cfb73f715b01fcdc91adc7b017b7ffdf6c', 'title': '[Epoch-16] MerkleTree Notarization', 'author': '0x0810C422E4abD05c752618B403d26cf60bB50B5C', 'created': 1675427257, 'start': 1675427248, 'end': 1675686448, 'choices': ['Valid', 'Invalid']}"
0x9c57027B1eca93093a6F446422C59C85A5A3Fa52,1,1675589724,"{'id': '0x303862e5331679f13cc4d9040debc6cfb73f715b01fcdc91adc7b017b7ffdf6c', 'title': '[Epoch-16] MerkleTree Notarization', 'author': '0x0810C422E4abD05c752618B403d26cf60bB50B5C', 'created': 1675427257, 'start': 1675427248, 'end': 1675686448, 'choices': ['Valid', 'Invalid']}"
0x33f6EE932cEa603Fafd6854827259bE172C91Da4,1,1675589625,"{'id': '0x303862e5331679f13cc4d9040debc6cfb73f715b01fcdc91adc7b017b7ffdf6c', 'title': '[Epoch-16] MerkleTree Notarization', 'author': '0x0810C422E4abD05c752618B403d26cf60bB50B5C', 'created': 1675427257, 'start': 1675427248, 'end': 1675686448, 'choices': ['Valid', 'Invalid']}"
0x8e2540edfA7410B6f32f54D4cBF715Acfe2F2e5B,1,1675589432,"{'id': '0x303862e5331679f13cc4d9040debc6cfb73f715b01fcdc91adc7b017b7ffdf6c', 'title': '[Epoch-16] MerkleTree Notarization', 'author': '0x0810C422E4abD05c752618B403d26cf60bB50B5C', 'created': 1675427257, 'start': 1675427248, 'end': 1675686448, 'choices': ['Valid', 'Invalid']}"
0x955A44E6baC7c2424Bb52b81870C01D28fCE0038,1,1675588955,"{'id': '0x303862e5331679f13cc4d9040debc6cfb73f715b01fcdc91adc7b017b7ffdf6c', 'title': '[Epoch-16] MerkleTree Notarization', 'author': '0x0810C422E4abD05c752618B403d26cf60bB50B5C', 'created': 1675427257, 'start': 1675427248, 'end': 1675686448, 'choices': ['Valid', 'Invalid']}"
0x80FDc30D21A672EeF723b809Ed4ba7c91728D421,1,1675585442,"{'id': '0x303862e5331679f13cc4d9040debc6cfb73f715b01fcdc91adc7b017b7ffdf6c', 'title': '[Epoch-16] MerkleTree Notarization', 'author': '0x0810C422E4abD05c752618B403d26cf60bB50B5C', 'created': 1675427257, 'start': 1675427248, 'end': 1675686448, 'choices': ['Valid', 'Invalid']}"
0x7B79c37Bb80cc76Fe6b758c7140228FEcc7e2A2e,1,1675580786,"{'id': '0x303862e5331679f13cc4d9040debc6cfb73f715b01fcdc91adc7b017b7ffdf6c', 'title': '[Epoch-16] MerkleTree Notarization', 'author': '0x0810C422E4abD05c752618B403d26cf60bB50B5C', 'created': 1675427257, 'start': 1675427248, 'end': 1675686448, 'choices': ['Valid', 'Invalid']}"
0xc330Feb66993346B932d397e085B6FC4234f97d9,1,1675576686,"{'id': '0x303862e5331679f13cc4d9040debc6cfb73f715b01fcdc91adc7b017b7ffdf6c', 'title': '[Epoch-16] MerkleTree Notarization', 'author': '0x0810C422E4abD05c752618B403d26cf60bB50B5C', 'created': 1675427257, 'start': 1675427248, 'end': 1675686448, 'choices': ['Valid', 'Invalid']}"
0x20414D54BCCe87fF857caa49E8A0461e82e2D551,1,1675575369,"{'id': '0x303862e5331679f13cc4d9040debc6cfb73f715b01fcdc91adc7b017b7ffdf6c', 'title': '[Epoch-16] MerkleTree Notarization', 'author': '0x0810C422E4abD05c752618B403d26cf60bB50B5C', 'created': 1675427257, 'start': 1675427248, 'end': 1675686448, 'choices': ['Valid', 'Invalid']}"
0x4796E4aFD565e43B7267F1688ec09B6A246cB5fc,1,1675573066,"{'id': '0x303862e5331679f13cc4d9040debc6cfb73f715b01fcdc91adc7b017b7ffdf6c', 'title': '[Epoch-16] MerkleTree Notarization', 'author': '0x0810C422E4abD05c752618B403d26cf60bB50B5C', 'created': 1675427257, 'start': 1675427248, 'end': 1675686448, 'choices': ['Valid', 'Invalid']}"
0xDb8D484c46cE6B0bd00f38a51b299EB129928AC0,1,1675571657,"{'id': '0x303862e5331679f13cc4d9040debc6cfb73f715b01fcdc91adc7b017b7ffdf6c', 'title': '[Epoch-16] MerkleTree Notarization', 'author': '0x0810C422E4abD05c752618B403d26cf60bB50B5C', 'created': 1675427257, 'start': 1675427248, 'end': 1675686448, 'choices': ['Valid', 'Invalid']}"
0x14B30b46ec4fA1a993806bd5Dda4195C5a82353e,1,1675564308,"{'id': '0x303862e5331679f13cc4d9040debc6cfb73f715b01fcdc91adc7b017b7ffdf6c', 'title': '[Epoch-16] MerkleTree Notarization', 'author': '0x0810C422E4abD05c752618B403d26cf60bB50B5C', 'created': 1675427257, 'start': 1675427248, 'end': 1675686448, 'choices': ['Valid', 'Invalid']}"
0xEed8e6512ff83092ffe544bD308e94934A113Ea0,1,1675559607,"{'id': '0x303862e5331679f13cc4d9040debc6cfb73f715b01fcdc91adc7b017b7ffdf6c', 'title': '[Epoch-16] MerkleTree Notarization', 'author': '0x0810C422E4abD05c752618B403d26cf60bB50B5C', 'created': 1675427257, 'start': 1675427248, 'end': 1675686448, 'choices': ['Valid', 'Invalid']}"
0x81aFcF6Dd79897cBa488471eCEc2f41BF3f7CA9B,1,1675554436,"{'id': '0x303862e5331679f13cc4d9040debc6cfb73f715b01fcdc91adc7b017b7ffdf6c', 'title': '[Epoch-16] MerkleTree Notarization', 'author': '0x0810C422E4abD05c752618B403d26cf60bB50B5C', 'created': 1675427257, 'start': 1675427248, 'end': 1675686448, 'choices': ['Valid', 'Invalid']}"
0x1Ec289BD5F002B7969887b8E18a1625052a67D0d,1,1675547072,"{'id': '0x303862e5331679f13cc4d9040debc6cfb73f715b01fcdc91adc7b017b7ffdf6c', 'title': '[Epoch-16] MerkleTree Notarization', 'author': '0x0810C422E4abD05c752618B403d26cf60bB50B5C', 'created': 1675427257, 'start': 1675427248, 'end': 1675686448, 'choices': ['Valid', 'Invalid']}"
0xEd53426f3F4745C5db55a2E69695d6c6493C9eD0,1,1675544372,"{'id': '0x303862e5331679f13cc4d9040debc6cfb73f715b01fcdc91adc7b017b7ffdf6c', 'title': '[Epoch-16] MerkleTree Notarization', 'author': '0x0810C422E4abD05c752618B403d26cf60bB50B5C', 'created': 1675427257, 'start': 1675427248, 'end': 1675686448, 'choices': ['Valid', 'Invalid']}"
0x1754352eacb753327Fec2d4F48f0fb36B672C5e0,1,1675538032,"{'id': '0x303862e5331679f13cc4d9040debc6cfb73f715b01fcdc91adc7b017b7ffdf6c', 'title': '[Epoch-16] MerkleTree Notarization', 'author': '0x0810C422E4abD05c752618B403d26cf60bB50B5C', 'created': 1675427257, 'start': 1675427248, 'end': 1675686448, 'choices': ['Valid', 'Invalid']}"
0xa6D1FEda6fc70680816eF6A23faf5e454e2f9C09,1,1675537399,"{'id': '0x303862e5331679f13cc4d9040debc6cfb73f715b01fcdc91adc7b017b7ffdf6c', 'title': '[Epoch-16] MerkleTree Notarization', 'author': '0x0810C422E4abD05c752618B403d26cf60bB50B5C', 'created': 1675427257, 'start': 1675427248, 'end': 1675686448, 'choices': ['Valid', 'Invalid']}"
0x7b86b43CC1E2d568398ceEd8fC74338Dc9F9d193,1,1675537225,"{'id': '0x303862e5331679f13cc4d9040debc6cfb73f715b01fcdc91adc7b017b7ffdf6c', 'title': '[Epoch-16] MerkleTree Notarization', 'author': '0x0810C422E4abD05c752618B403d26cf60bB50B5C', 'created': 1675427257, 'start': 1675427248, 'end': 1675686448, 'choices': ['Valid', 'Invalid']}"
0x7ccf173012bfE53F16F4D6A2a4aea32abAfcD04C,1,1675534903,"{'id': '0x303862e5331679f13cc4d9040debc6cfb73f715b01fcdc91adc7b017b7ffdf6c', 'title': '[Epoch-16] MerkleTree Notarization', 'author': '0x0810C422E4abD05c752618B403d26cf60bB50B5C', 'created': 1675427257, 'start': 1675427248, 'end': 1675686448, 'choices': ['Valid', 'Invalid']}"
0x25E937F3C4cbaEf3F92A19eE077D8e41D1ABBbC6,1,1675531160,"{'id': '0x303862e5331679f13cc4d9040debc6cfb73f715b01fcdc91adc7b017b7ffdf6c', 'title': '[Epoch-16] MerkleTree Notarization', 'author': '0x0810C422E4abD05c752618B403d26cf60bB50B5C', 'created': 1675427257, 'start': 1675427248, 'end': 1675686448, 'choices': ['Valid', 'Invalid']}"
0xd6FC385c310b69C80dD1c553f935cE060f9B05B9,1,1675530927,"{'id': '0x303862e5331679f13cc4d9040debc6cfb73f715b01fcdc91adc7b017b7ffdf6c', 'title': '[Epoch-16] MerkleTree Notarization', 'author': '0x0810C422E4abD05c752618B403d26cf60bB50B5C', 'created': 1675427257, 'start': 1675427248, 'end': 1675686448, 'choices': ['Valid', 'Invalid']}"
0x929A5753C41eaed288F946bCBFe4a954Ad341797,1,1675524586,"{'id': '0x303862e5331679f13cc4d9040debc6cfb73f715b01fcdc91adc7b017b7ffdf6c', 'title': '[Epoch-16] MerkleTree Notarization', 'author': '0x0810C422E4abD05c752618B403d26cf60bB50B5C', 'created': 1675427257, 'start': 1675427248, 'end': 1675686448, 'choices': ['Valid', 'Invalid']}"
0xFd28D67eD154B734257276e5d090721434bd51A4,1,1675524350,"{'id': '0x303862e5331679f13cc4d9040debc6cfb73f715b01fcdc91adc7b017b7ffdf6c', 'title': '[Epoch-16] MerkleTree Notarization', 'author': '0x0810C422E4abD05c752618B403d26cf60bB50B5C', 'created': 1675427257, 'start': 1675427248, 'end': 1675686448, 'choices': ['Valid', 'Invalid']}"
0xdeEa4b6448fDdb2a8223a4af773378e047BA253D,1,1675522195,"{'id': '0x303862e5331679f13cc4d9040debc6cfb73f715b01fcdc91adc7b017b7ffdf6c', 'title': '[Epoch-16] MerkleTree Notarization', 'author': '0x0810C422E4abD05c752618B403d26cf60bB50B5C', 'created': 1675427257, 'start': 1675427248, 'end': 1675686448, 'choices': ['Valid', 'Invalid']}"
0x1959b5EFb8fdD52C688c1D685Ad8F3D82ea27B01,1,1675521800,"{'id': '0x303862e5331679f13cc4d9040debc6cfb73f715b01fcdc91adc7b017b7ffdf6c', 'title': '[Epoch-16] MerkleTree Notarization', 'author': '0x0810C422E4abD05c752618B403d26cf60bB50B5C', 'created': 1675427257, 'start': 1675427248, 'end': 1675686448, 'choices': ['Valid', 'Invalid']}"
0xCA2fcDEFC09c1EaB0b91b66EbD3eB8401852fE5D,1,1675519408,"{'id': '0x303862e5331679f13cc4d9040debc6cfb73f715b01fcdc91adc7b017b7ffdf6c', 'title': '[Epoch-16] MerkleTree Notarization', 'author': '0x0810C422E4abD05c752618B403d26cf60bB50B5C', 'created': 1675427257, 'start': 1675427248, 'end': 1675686448, 'choices': ['Valid', 'Invalid']}"
0x797BC498EdEE4357a16a1054dB0323CbD04C84c3,1,1675513196,"{'id': '0x303862e5331679f13cc4d9040debc6cfb73f715b01fcdc91adc7b017b7ffdf6c', 'title': '[Epoch-16] MerkleTree Notarization', 'author': '0x0810C422E4abD05c752618B403d26cf60bB50B5C', 'created': 1675427257, 'start': 1675427248, 'end': 1675686448, 'choices': ['Valid', 'Invalid']}"
0xD68965a3Bc263c3a2d43c713cd971aE16c31CB18,1,1675512974,"{'id': '0x303862e5331679f13cc4d9040debc6cfb73f715b01fcdc91adc7b017b7ffdf6c', 'title': '[Epoch-16] MerkleTree Notarization', 'author': '0x0810C422E4abD05c752618B403d26cf60bB50B5C', 'created': 1675427257, 'start': 1675427248, 'end': 1675686448, 'choices': ['Valid', 'Invalid']}"
0xd7dEdcf8fFDDCEeD9aD20A41A5F88DC1268B3ad4,1,1675512550,"{'id': '0x303862e5331679f13cc4d9040debc6cfb73f715b01fcdc91adc7b017b7ffdf6c', 'title': '[Epoch-16] MerkleTree Notarization', 'author': '0x0810C422E4abD05c752618B403d26cf60bB50B5C', 'created': 1675427257, 'start': 1675427248, 'end': 1675686448, 'choices': ['Valid', 'Invalid']}"
0x41587094C1Ba4463e29E772aE03BF9a132e8809C,1,1675510937,"{'id': '0x303862e5331679f13cc4d9040debc6cfb73f715b01fcdc91adc7b017b7ffdf6c', 'title': '[Epoch-16] MerkleTree Notarization', 'author': '0x0810C422E4abD05c752618B403d26cf60bB50B5C', 'created': 1675427257, 'start': 1675427248, 'end': 1675686448, 'choices': ['Valid', 'Invalid']}"
0x7dd508a1e4Da1243789B799a480f8B45e58b1B5b,1,1675508360,"{'id': '0x303862e5331679f13cc4d9040debc6cfb73f715b01fcdc91adc7b017b7ffdf6c', 'title': '[Epoch-16] MerkleTree Notarization', 'author': '0x0810C422E4abD05c752618B403d26cf60bB50B5C', 'created': 1675427257, 'start': 1675427248, 'end': 1675686448, 'choices': ['Valid', 'Invalid']}"
0x784F0d732aF31C7d70F2e37761D388Ce172c7482,1,1675507059,"{'id': '0x303862e5331679f13cc4d9040debc6cfb73f715b01fcdc91adc7b017b7ffdf6c', 'title': '[Epoch-16] MerkleTree Notarization', 'author': '0x0810C422E4abD05c752618B403d26cf60bB50B5C', 'created': 1675427257, 'start': 1675427248, 'end': 1675686448, 'choices': ['Valid', 'Invalid']}"
0x8F4C47b998EAEa625ADB90Eaa115FB35B67c7835,1,1675504159,"{'id': '0x303862e5331679f13cc4d9040debc6cfb73f715b01fcdc91adc7b017b7ffdf6c', 'title': '[Epoch-16] MerkleTree Notarization', 'author': '0x0810C422E4abD05c752618B403d26cf60bB50B5C', 'created': 1675427257, 'start': 1675427248, 'end': 1675686448, 'choices': ['Valid', 'Invalid']}"
0x198ca1beaCF70b82c4e6dE21E8Cb7b6dA6D8477A,1,1675504090,"{'id': '0x303862e5331679f13cc4d9040debc6cfb73f715b01fcdc91adc7b017b7ffdf6c', 'title': '[Epoch-16] MerkleTree Notarization', 'author': '0x0810C422E4abD05c752618B403d26cf60bB50B5C', 'created': 1675427257, 'start': 1675427248, 'end': 1675686448, 'choices': ['Valid', 'Invalid']}"
0x34925b991dce4e9A94490C8882a37c3Dc3C6C631,1,1675503390,"{'id': '0x303862e5331679f13cc4d9040debc6cfb73f715b01fcdc91adc7b017b7ffdf6c', 'title': '[Epoch-16] MerkleTree Notarization', 'author': '0x0810C422E4abD05c752618B403d26cf60bB50B5C', 'created': 1675427257, 'start': 1675427248, 'end': 1675686448, 'choices': ['Valid', 'Invalid']}"
0x67815fD7E84FA3754002aBA34D98298cFeEB0eCd,1,1675501792,"{'id': '0x303862e5331679f13cc4d9040debc6cfb73f715b01fcdc91adc7b017b7ffdf6c', 'title': '[Epoch-16] MerkleTree Notarization', 'author': '0x0810C422E4abD05c752618B403d26cf60bB50B5C', 'created': 1675427257, 'start': 1675427248, 'end': 1675686448, 'choices': ['Valid', 'Invalid']}"
0x7e9463a9505bf728359d7d5498dEa59D03B96A69,1,1675501218,"{'id': '0x303862e5331679f13cc4d9040debc6cfb73f715b01fcdc91adc7b017b7ffdf6c', 'title': '[Epoch-16] MerkleTree Notarization', 'author': '0x0810C422E4abD05c752618B403d26cf60bB50B5C', 'created': 1675427257, 'start': 1675427248, 'end': 1675686448, 'choices': ['Valid', 'Invalid']}"
0xdC6CE98A9020905973C9C026c6f3e34df9998D8A,1,1675501073,"{'id': '0x303862e5331679f13cc4d9040debc6cfb73f715b01fcdc91adc7b017b7ffdf6c', 'title': '[Epoch-16] MerkleTree Notarization', 'author': '0x0810C422E4abD05c752618B403d26cf60bB50B5C', 'created': 1675427257, 'start': 1675427248, 'end': 1675686448, 'choices': ['Valid', 'Invalid']}"
0x2B29833a831207A3B92102b0708B32D624AA0F65,1,1675498019,"{'id': '0x303862e5331679f13cc4d9040debc6cfb73f715b01fcdc91adc7b017b7ffdf6c', 'title': '[Epoch-16] MerkleTree Notarization', 'author': '0x0810C422E4abD05c752618B403d26cf60bB50B5C', 'created': 1675427257, 'start': 1675427248, 'end': 1675686448, 'choices': ['Valid', 'Invalid']}"
0x2b285e1B49bA0cB6f71D8b0D9cAFdFBf9868fDA9,1,1675495492,"{'id': '0x303862e5331679f13cc4d9040debc6cfb73f715b01fcdc91adc7b017b7ffdf6c', 'title': '[Epoch-16] MerkleTree Notarization', 'author': '0x0810C422E4abD05c752618B403d26cf60bB50B5C', 'created': 1675427257, 'start': 1675427248, 'end': 1675686448, 'choices': ['Valid', 'Invalid']}"
0xdfBaeeF21396BF205D4B7D23345155489072Cf9B,1,1675494410,"{'id': '0x303862e5331679f13cc4d9040debc6cfb73f715b01fcdc91adc7b017b7ffdf6c', 'title': '[Epoch-16] MerkleTree Notarization', 'author': '0x0810C422E4abD05c752618B403d26cf60bB50B5C', 'created': 1675427257, 'start': 1675427248, 'end': 1675686448, 'choices': ['Valid', 'Invalid']}"
0xEa9f2E31Ad16636f4e1AF0012dB569900401248a,1,1675489648,"{'id': '0x303862e5331679f13cc4d9040debc6cfb73f715b01fcdc91adc7b017b7ffdf6c', 'title': '[Epoch-16] MerkleTree Notarization', 'author': '0x0810C422E4abD05c752618B403d26cf60bB50B5C', 'created': 1675427257, 'start': 1675427248, 'end': 1675686448, 'choices': ['Valid', 'Invalid']}"
0x4D04EB67A2D1e01c71FAd0366E0C200207A75487,1,1675489525,"{'id': '0x303862e5331679f13cc4d9040debc6cfb73f715b01fcdc91adc7b017b7ffdf6c', 'title': '[Epoch-16] MerkleTree Notarization', 'author': '0x0810C422E4abD05c752618B403d26cf60bB50B5C', 'created': 1675427257, 'start': 1675427248, 'end': 1675686448, 'choices': ['Valid', 'Invalid']}"
0xD5a7412e7f78E03E6Fb2bd133F6473bfe8a45eB8,1,1675486654,"{'id': '0x303862e5331679f13cc4d9040debc6cfb73f715b01fcdc91adc7b017b7ffdf6c', 'title': '[Epoch-16] MerkleTree Notarization', 'author': '0x0810C422E4abD05c752618B403d26cf60bB50B5C', 'created': 1675427257, 'start': 1675427248, 'end': 1675686448, 'choices': ['Valid', 'Invalid']}"
0xfaFB1fCf2252A1836cB09cd5027aBd42aFfccAF4,1,1675484883,"{'id': '0x303862e5331679f13cc4d9040debc6cfb73f715b01fcdc91adc7b017b7ffdf6c', 'title': '[Epoch-16] MerkleTree Notarization', 'author': '0x0810C422E4abD05c752618B403d26cf60bB50B5C', 'created': 1675427257, 'start': 1675427248, 'end': 1675686448, 'choices': ['Valid', 'Invalid']}"
0x8F7640a064e43345532645B86b153CE05054af50,1,1675484049,"{'id': '0x303862e5331679f13cc4d9040debc6cfb73f715b01fcdc91adc7b017b7ffdf6c', 'title': '[Epoch-16] MerkleTree Notarization', 'author': '0x0810C422E4abD05c752618B403d26cf60bB50B5C', 'created': 1675427257, 'start': 1675427248, 'end': 1675686448, 'choices': ['Valid', 'Invalid']}"
0xDa9BfAA363DfCFa220516c6D0dE653389e8De01C,1,1675476979,"{'id': '0x303862e5331679f13cc4d9040debc6cfb73f715b01fcdc91adc7b017b7ffdf6c', 'title': '[Epoch-16] MerkleTree Notarization', 'author': '0x0810C422E4abD05c752618B403d26cf60bB50B5C', 'created': 1675427257, 'start': 1675427248, 'end': 1675686448, 'choices': ['Valid', 'Invalid']}"
0xD2602C7bDFC9F413974e944280BbFae275d1B1b6,1,1675476457,"{'id': '0x303862e5331679f13cc4d9040debc6cfb73f715b01fcdc91adc7b017b7ffdf6c', 'title': '[Epoch-16] MerkleTree Notarization', 'author': '0x0810C422E4abD05c752618B403d26cf60bB50B5C', 'created': 1675427257, 'start': 1675427248, 'end': 1675686448, 'choices': ['Valid', 'Invalid']}"
0x6c1CdE903b3f64A1Cb4C9f633BCA5C6B945e164f,1,1675474781,"{'id': '0x303862e5331679f13cc4d9040debc6cfb73f715b01fcdc91adc7b017b7ffdf6c', 'title': '[Epoch-16] MerkleTree Notarization', 'author': '0x0810C422E4abD05c752618B403d26cf60bB50B5C', 'created': 1675427257, 'start': 1675427248, 'end': 1675686448, 'choices': ['Valid', 'Invalid']}"
0xE7bFe9b78d32469796dEB029b2bea3d68773aec4,1,1675468243,"{'id': '0x303862e5331679f13cc4d9040debc6cfb73f715b01fcdc91adc7b017b7ffdf6c', 'title': '[Epoch-16] MerkleTree Notarization', 'author': '0x0810C422E4abD05c752618B403d26cf60bB50B5C', 'created': 1675427257, 'start': 1675427248, 'end': 1675686448, 'choices': ['Valid', 'Invalid']}"
0x1dE4F046c45Cd4E39cfCDF36b7DF4856B4031955,1,1675467703,"{'id': '0x303862e5331679f13cc4d9040debc6cfb73f715b01fcdc91adc7b017b7ffdf6c', 'title': '[Epoch-16] MerkleTree Notarization', 'author': '0x0810C422E4abD05c752618B403d26cf60bB50B5C', 'created': 1675427257, 'start': 1675427248, 'end': 1675686448, 'choices': ['Valid', 'Invalid']}"
0x54881e63F225A8653c2dA91fc3d9769e35B81b1F,1,1675467247,"{'id': '0x303862e5331679f13cc4d9040debc6cfb73f715b01fcdc91adc7b017b7ffdf6c', 'title': '[Epoch-16] MerkleTree Notarization', 'author': '0x0810C422E4abD05c752618B403d26cf60bB50B5C', 'created': 1675427257, 'start': 1675427248, 'end': 1675686448, 'choices': ['Valid', 'Invalid']}"
0x9DFd699CC5003acE9f332a9B1384a8d4A20c57dc,1,1675466830,"{'id': '0x303862e5331679f13cc4d9040debc6cfb73f715b01fcdc91adc7b017b7ffdf6c', 'title': '[Epoch-16] MerkleTree Notarization', 'author': '0x0810C422E4abD05c752618B403d26cf60bB50B5C', 'created': 1675427257, 'start': 1675427248, 'end': 1675686448, 'choices': ['Valid', 'Invalid']}"
0x0331DEbc490c5540ef4773da5B9Df146aa2D58c3,1,1675466300,"{'id': '0x303862e5331679f13cc4d9040debc6cfb73f715b01fcdc91adc7b017b7ffdf6c', 'title': '[Epoch-16] MerkleTree Notarization', 'author': '0x0810C422E4abD05c752618B403d26cf60bB50B5C', 'created': 1675427257, 'start': 1675427248, 'end': 1675686448, 'choices': ['Valid', 'Invalid']}"
0x205F9409E0a28dBc7E19A53CC14b9b2eafF9c2B1,1,1675466256,"{'id': '0x303862e5331679f13cc4d9040debc6cfb73f715b01fcdc91adc7b017b7ffdf6c', 'title': '[Epoch-16] MerkleTree Notarization', 'author': '0x0810C422E4abD05c752618B403d26cf60bB50B5C', 'created': 1675427257, 'start': 1675427248, 'end': 1675686448, 'choices': ['Valid', 'Invalid']}"
0xf664ec073b41FD45ba6b6E9B8a83879214b2cE50,1,1675466212,"{'id': '0x303862e5331679f13cc4d9040debc6cfb73f715b01fcdc91adc7b017b7ffdf6c', 'title': '[Epoch-16] MerkleTree Notarization', 'author': '0x0810C422E4abD05c752618B403d26cf60bB50B5C', 'created': 1675427257, 'start': 1675427248, 'end': 1675686448, 'choices': ['Valid', 'Invalid']}"
0x4c8330894F7081913d2Dd0DD7E54845eB5F2d870,1,1675466164,"{'id': '0x303862e5331679f13cc4d9040debc6cfb73f715b01fcdc91adc7b017b7ffdf6c', 'title': '[Epoch-16] MerkleTree Notarization', 'author': '0x0810C422E4abD05c752618B403d26cf60bB50B5C', 'created': 1675427257, 'start': 1675427248, 'end': 1675686448, 'choices': ['Valid', 'Invalid']}"
0x4089EDF29eC3008d7D99Bf565D03E8Ebb388E8a3,1,1675466122,"{'id': '0x303862e5331679f13cc4d9040debc6cfb73f715b01fcdc91adc7b017b7ffdf6c', 'title': '[Epoch-16] MerkleTree Notarization', 'author': '0x0810C422E4abD05c752618B403d26cf60bB50B5C', 'created': 1675427257, 'start': 1675427248, 'end': 1675686448, 'choices': ['Valid', 'Invalid']}"
0xE70CfdB698Dde588c398Afc0563EbF5616aD33B2,1,1675466076,"{'id': '0x303862e5331679f13cc4d9040debc6cfb73f715b01fcdc91adc7b017b7ffdf6c', 'title': '[Epoch-16] MerkleTree Notarization', 'author': '0x0810C422E4abD05c752618B403d26cf60bB50B5C', 'created': 1675427257, 'start': 1675427248, 'end': 1675686448, 'choices': ['Valid', 'Invalid']}"
0xd39ce81CE8e7243494d4149d05dDDD536ddc2e55,1,1675466069,"{'id': '0x303862e5331679f13cc4d9040debc6cfb73f715b01fcdc91adc7b017b7ffdf6c', 'title': '[Epoch-16] MerkleTree Notarization', 'author': '0x0810C422E4abD05c752618B403d26cf60bB50B5C', 'created': 1675427257, 'start': 1675427248, 'end': 1675686448, 'choices': ['Valid', 'Invalid']}"
0xA742A54E0b9Cd1Cac03c8F569bA4C606694261f9,1,1675461007,"{'id': '0x303862e5331679f13cc4d9040debc6cfb73f715b01fcdc91adc7b017b7ffdf6c', 'title': '[Epoch-16] MerkleTree Notarization', 'author': '0x0810C422E4abD05c752618B403d26cf60bB50B5C', 'created': 1675427257, 'start': 1675427248, 'end': 1675686448, 'choices': ['Valid', 'Invalid']}"
0xE5A3D77D7788A83f3549dD7F08Fc2aCed7E262d2,1,1675457545,"{'id': '0x303862e5331679f13cc4d9040debc6cfb73f715b01fcdc91adc7b017b7ffdf6c', 'title': '[Epoch-16] MerkleTree Notarization', 'author': '0x0810C422E4abD05c752618B403d26cf60bB50B5C', 'created': 1675427257, 'start': 1675427248, 'end': 1675686448, 'choices': ['Valid', 'Invalid']}"
0xac2E80F93d507ab5ef326B38B8C7363e02Bd2CFD,1,1675456363,"{'id': '0x303862e5331679f13cc4d9040debc6cfb73f715b01fcdc91adc7b017b7ffdf6c', 'title': '[Epoch-16] MerkleTree Notarization', 'author': '0x0810C422E4abD05c752618B403d26cf60bB50B5C', 'created': 1675427257, 'start': 1675427248, 'end': 1675686448, 'choices': ['Valid', 'Invalid']}"
0x804604F55FE79aD0237696465c57D3dE997C14C1,1,1675456337,"{'id': '0x303862e5331679f13cc4d9040debc6cfb73f715b01fcdc91adc7b017b7ffdf6c', 'title': '[Epoch-16] MerkleTree Notarization', 'author': '0x0810C422E4abD05c752618B403d26cf60bB50B5C', 'created': 1675427257, 'start': 1675427248, 'end': 1675686448, 'choices': ['Valid', 'Invalid']}"
0x67e326eD4972650FbC9541b81A57dED004f3e4Ee,1,1675455127,"{'id': '0x303862e5331679f13cc4d9040debc6cfb73f715b01fcdc91adc7b017b7ffdf6c', 'title': '[Epoch-16] MerkleTree Notarization', 'author': '0x0810C422E4abD05c752618B403d26cf60bB50B5C', 'created': 1675427257, 'start': 1675427248, 'end': 1675686448, 'choices': ['Valid', 'Invalid']}"
0xfB8aA192dA69DD3DE22a9354EA99538315446c0D,1,1675455055,"{'id': '0x303862e5331679f13cc4d9040debc6cfb73f715b01fcdc91adc7b017b7ffdf6c', 'title': '[Epoch-16] MerkleTree Notarization', 'author': '0x0810C422E4abD05c752618B403d26cf60bB50B5C', 'created': 1675427257, 'start': 1675427248, 'end': 1675686448, 'choices': ['Valid', 'Invalid']}"
0x50bE72F4DAc794D00f84786dc414F0107F6F972B,1,1675454983,"{'id': '0x303862e5331679f13cc4d9040debc6cfb73f715b01fcdc91adc7b017b7ffdf6c', 'title': '[Epoch-16] MerkleTree Notarization', 'author': '0x0810C422E4abD05c752618B403d26cf60bB50B5C', 'created': 1675427257, 'start': 1675427248, 'end': 1675686448, 'choices': ['Valid', 'Invalid']}"
0x19a61e7238270CA99F931C08D7BcfF1984F38AE4,1,1675452818,"{'id': '0x303862e5331679f13cc4d9040debc6cfb73f715b01fcdc91adc7b017b7ffdf6c', 'title': '[Epoch-16] MerkleTree Notarization', 'author': '0x0810C422E4abD05c752618B403d26cf60bB50B5C', 'created': 1675427257, 'start': 1675427248, 'end': 1675686448, 'choices': ['Valid', 'Invalid']}"
0x52876dAFDc67238390477Bb2403BdC8021944ddc,1,1675451743,"{'id': '0x303862e5331679f13cc4d9040debc6cfb73f715b01fcdc91adc7b017b7ffdf6c', 'title': '[Epoch-16] MerkleTree Notarization', 'author': '0x0810C422E4abD05c752618B403d26cf60bB50B5C', 'created': 1675427257, 'start': 1675427248, 'end': 1675686448, 'choices': ['Valid', 'Invalid']}"
0x5E744ecAc619E7b76C2F22e4B6015F5590eDD204,1,1675449934,"{'id': '0x303862e5331679f13cc4d9040debc6cfb73f715b01fcdc91adc7b017b7ffdf6c', 'title': '[Epoch-16] MerkleTree Notarization', 'author': '0x0810C422E4abD05c752618B403d26cf60bB50B5C', 'created': 1675427257, 'start': 1675427248, 'end': 1675686448, 'choices': ['Valid', 'Invalid']}"
0x802dbD9Af9055C0c8C92C610106618289D31eff9,1,1675449114,"{'id': '0x303862e5331679f13cc4d9040debc6cfb73f715b01fcdc91adc7b017b7ffdf6c', 'title': '[Epoch-16] MerkleTree Notarization', 'author': '0x0810C422E4abD05c752618B403d26cf60bB50B5C', 'created': 1675427257, 'start': 1675427248, 'end': 1675686448, 'choices': ['Valid', 'Invalid']}"
0xF3DD72AC3c9833574491861793e8fFe1f07c8905,1,1675449032,"{'id': '0x303862e5331679f13cc4d9040debc6cfb73f715b01fcdc91adc7b017b7ffdf6c', 'title': '[Epoch-16] MerkleTree Notarization', 'author': '0x0810C422E4abD05c752618B403d26cf60bB50B5C', 'created': 1675427257, 'start': 1675427248, 'end': 1675686448, 'choices': ['Valid', 'Invalid']}"
0x2984Bb4953cfCE2cEc957388BE686D6c38779234,1,1675448849,"{'id': '0x303862e5331679f13cc4d9040debc6cfb73f715b01fcdc91adc7b017b7ffdf6c', 'title': '[Epoch-16] MerkleTree Notarization', 'author': '0x0810C422E4abD05c752618B403d26cf60bB50B5C', 'created': 1675427257, 'start': 1675427248, 'end': 1675686448, 'choices': ['Valid', 'Invalid']}"
0xe76d0d3c7aF5fa2C0806F221cBA88d7E044178AA,1,1675448807,"{'id': '0x303862e5331679f13cc4d9040debc6cfb73f715b01fcdc91adc7b017b7ffdf6c', 'title': '[Epoch-16] MerkleTree Notarization', 'author': '0x0810C422E4abD05c752618B403d26cf60bB50B5C', 'created': 1675427257, 'start': 1675427248, 'end': 1675686448, 'choices': ['Valid', 'Invalid']}"
0x65B0F840ea292fc284C23Fc839e65b3951d46195,1,1675448598,"{'id': '0x303862e5331679f13cc4d9040debc6cfb73f715b01fcdc91adc7b017b7ffdf6c', 'title': '[Epoch-16] MerkleTree Notarization', 'author': '0x0810C422E4abD05c752618B403d26cf60bB50B5C', 'created': 1675427257, 'start': 1675427248, 'end': 1675686448, 'choices': ['Valid', 'Invalid']}"
0x5f73a24771940b8c80b3570694072f606DF913cc,1,1675447611,"{'id': '0x303862e5331679f13cc4d9040debc6cfb73f715b01fcdc91adc7b017b7ffdf6c', 'title': '[Epoch-16] MerkleTree Notarization', 'author': '0x0810C422E4abD05c752618B403d26cf60bB50B5C', 'created': 1675427257, 'start': 1675427248, 'end': 1675686448, 'choices': ['Valid', 'Invalid']}"
0x64B7fcC8C17540139BDd84d00c7261035602Cb66,1,1675447231,"{'id': '0x303862e5331679f13cc4d9040debc6cfb73f715b01fcdc91adc7b017b7ffdf6c', 'title': '[Epoch-16] MerkleTree Notarization', 'author': '0x0810C422E4abD05c752618B403d26cf60bB50B5C', 'created': 1675427257, 'start': 1675427248, 'end': 1675686448, 'choices': ['Valid', 'Invalid']}"
0x09F213953D92F865b949B3E39b9dcFaE687d4966,1,1675444893,"{'id': '0x303862e5331679f13cc4d9040debc6cfb73f715b01fcdc91adc7b017b7ffdf6c', 'title': '[Epoch-16] MerkleTree Notarization', 'author': '0x0810C422E4abD05c752618B403d26cf60bB50B5C', 'created': 1675427257, 'start': 1675427248, 'end': 1675686448, 'choices': ['Valid', 'Invalid']}"
0xB26B5137BE5A7bB991Fa63A36a8EaA3daF394B7b,1,1675444811,"{'id': '0x303862e5331679f13cc4d9040debc6cfb73f715b01fcdc91adc7b017b7ffdf6c', 'title': '[Epoch-16] MerkleTree Notarization', 'author': '0x0810C422E4abD05c752618B403d26cf60bB50B5C', 'created': 1675427257, 'start': 1675427248, 'end': 1675686448, 'choices': ['Valid', 'Invalid']}"
0x2126D723eCb1703d51caF3906355f802BbF2989D,1,1675444027,"{'id': '0x303862e5331679f13cc4d9040debc6cfb73f715b01fcdc91adc7b017b7ffdf6c', 'title': '[Epoch-16] MerkleTree Notarization', 'author': '0x0810C422E4abD05c752618B403d26cf60bB50B5C', 'created': 1675427257, 'start': 1675427248, 'end': 1675686448, 'choices': ['Valid', 'Invalid']}"
0x4CB11cc4Ce988B40a6C20E798904199519a665fa,1,1675443278,"{'id': '0x303862e5331679f13cc4d9040debc6cfb73f715b01fcdc91adc7b017b7ffdf6c', 'title': '[Epoch-16] MerkleTree Notarization', 'author': '0x0810C422E4abD05c752618B403d26cf60bB50B5C', 'created': 1675427257, 'start': 1675427248, 'end': 1675686448, 'choices': ['Valid', 'Invalid']}"
0xb8530006b544561E8Ae916bD34b06E6D7Ad0c001,1,1675442260,"{'id': '0x303862e5331679f13cc4d9040debc6cfb73f715b01fcdc91adc7b017b7ffdf6c', 'title': '[Epoch-16] MerkleTree Notarization', 'author': '0x0810C422E4abD05c752618B403d26cf60bB50B5C', 'created': 1675427257, 'start': 1675427248, 'end': 1675686448, 'choices': ['Valid', 'Invalid']}"
0x5C7a20b1EFa9A2aB5F448b651Aa264F233076C4C,1,1675442109,"{'id': '0x303862e5331679f13cc4d9040debc6cfb73f715b01fcdc91adc7b017b7ffdf6c', 'title': '[Epoch-16] MerkleTree Notarization', 'author': '0x0810C422E4abD05c752618B403d26cf60bB50B5C', 'created': 1675427257, 'start': 1675427248, 'end': 1675686448, 'choices': ['Valid', 'Invalid']}"
0x6C56Ec6B28f2D1941d6C6B65988EE51dcB6accCb,1,1675441408,"{'id': '0x303862e5331679f13cc4d9040debc6cfb73f715b01fcdc91adc7b017b7ffdf6c', 'title': '[Epoch-16] MerkleTree Notarization', 'author': '0x0810C422E4abD05c752618B403d26cf60bB50B5C', 'created': 1675427257, 'start': 1675427248, 'end': 1675686448, 'choices': ['Valid', 'Invalid']}"
0x2437Db820DE92d8DD64B524954fA0D160767c471,1,1675440688,"{'id': '0x303862e5331679f13cc4d9040debc6cfb73f715b01fcdc91adc7b017b7ffdf6c', 'title': '[Epoch-16] MerkleTree Notarization', 'author': '0x0810C422E4abD05c752618B403d26cf60bB50B5C', 'created': 1675427257, 'start': 1675427248, 'end': 1675686448, 'choices': ['Valid', 'Invalid']}"
0xe0260a8dF025590E1982b5B284b7B1786916C04D,1,1675440668,"{'id': '0x303862e5331679f13cc4d9040debc6cfb73f715b01fcdc91adc7b017b7ffdf6c', 'title': '[Epoch-16] MerkleTree Notarization', 'author': '0x0810C422E4abD05c752618B403d26cf60bB50B5C', 'created': 1675427257, 'start': 1675427248, 'end': 1675686448, 'choices': ['Valid', 'Invalid']}"
0x3a0c5583d5AbADEcD7bb043709c4b1aED89267D6,1,1675440057,"{'id': '0x303862e5331679f13cc4d9040debc6cfb73f715b01fcdc91adc7b017b7ffdf6c', 'title': '[Epoch-16] MerkleTree Notarization', 'author': '0x0810C422E4abD05c752618B403d26cf60bB50B5C', 'created': 1675427257, 'start': 1675427248, 'end': 1675686448, 'choices': ['Valid', 'Invalid']}"
0x5b05DF99fC93d76d31603427798c58fe15b62431,1,1675439962,"{'id': '0x303862e5331679f13cc4d9040debc6cfb73f715b01fcdc91adc7b017b7ffdf6c', 'title': '[Epoch-16] MerkleTree Notarization', 'author': '0x0810C422E4abD05c752618B403d26cf60bB50B5C', 'created': 1675427257, 'start': 1675427248, 'end': 1675686448, 'choices': ['Valid', 'Invalid']}"
0xFB9e5F5874565A6eF8FCF1DEbc4975501331a8Ca,1,1675439693,"{'id': '0x303862e5331679f13cc4d9040debc6cfb73f715b01fcdc91adc7b017b7ffdf6c', 'title': '[Epoch-16] MerkleTree Notarization', 'author': '0x0810C422E4abD05c752618B403d26cf60bB50B5C', 'created': 1675427257, 'start': 1675427248, 'end': 1675686448, 'choices': ['Valid', 'Invalid']}"
0xcFF03aB20709c928d7478764473e386F7b23EDD1,1,1675437873,"{'id': '0x303862e5331679f13cc4d9040debc6cfb73f715b01fcdc91adc7b017b7ffdf6c', 'title': '[Epoch-16] MerkleTree Notarization', 'author': '0x0810C422E4abD05c752618B403d26cf60bB50B5C', 'created': 1675427257, 'start': 1675427248, 'end': 1675686448, 'choices': ['Valid', 'Invalid']}"
0xAc2e236d045AE9d80Cf42Df2BC7695F834d0e0Ff,1,1675437132,"{'id': '0x303862e5331679f13cc4d9040debc6cfb73f715b01fcdc91adc7b017b7ffdf6c', 'title': '[Epoch-16] MerkleTree Notarization', 'author': '0x0810C422E4abD05c752618B403d26cf60bB50B5C', 'created': 1675427257, 'start': 1675427248, 'end': 1675686448, 'choices': ['Valid', 'Invalid']}"
0x5b0D3243c78fB9d4AC035fB2384FFdf7A9eF6396,1,1675437130,"{'id': '0x303862e5331679f13cc4d9040debc6cfb73f715b01fcdc91adc7b017b7ffdf6c', 'title': '[Epoch-16] MerkleTree Notarization', 'author': '0x0810C422E4abD05c752618B403d26cf60bB50B5C', 'created': 1675427257, 'start': 1675427248, 'end': 1675686448, 'choices': ['Valid', 'Invalid']}"
0x8f9f865Aafd6487C7aC45a22bbb9278f8fc06d47,1,1675437074,"{'id': '0x303862e5331679f13cc4d9040debc6cfb73f715b01fcdc91adc7b017b7ffdf6c', 'title': '[Epoch-16] MerkleTree Notarization', 'author': '0x0810C422E4abD05c752618B403d26cf60bB50B5C', 'created': 1675427257, 'start': 1675427248, 'end': 1675686448, 'choices': ['Valid', 'Invalid']}"
0x40aED6E410a780154a4dCF62c37dD8Ba54F08FfE,1,1675436769,"{'id': '0x303862e5331679f13cc4d9040debc6cfb73f715b01fcdc91adc7b017b7ffdf6c', 'title': '[Epoch-16] MerkleTree Notarization', 'author': '0x0810C422E4abD05c752618B403d26cf60bB50B5C', 'created': 1675427257, 'start': 1675427248, 'end': 1675686448, 'choices': ['Valid', 'Invalid']}"
0x91B26b4B49525fDFfff2B099190149a52A36c3cA,1,1675436142,"{'id': '0x303862e5331679f13cc4d9040debc6cfb73f715b01fcdc91adc7b017b7ffdf6c', 'title': '[Epoch-16] MerkleTree Notarization', 'author': '0x0810C422E4abD05c752618B403d26cf60bB50B5C', 'created': 1675427257, 'start': 1675427248, 'end': 1675686448, 'choices': ['Valid', 'Invalid']}"
0x79939118Ef2af99E20310eCC5CCC0E9697d390FC,1,1675435771,"{'id': '0x303862e5331679f13cc4d9040debc6cfb73f715b01fcdc91adc7b017b7ffdf6c', 'title': '[Epoch-16] MerkleTree Notarization', 'author': '0x0810C422E4abD05c752618B403d26cf60bB50B5C', 'created': 1675427257, 'start': 1675427248, 'end': 1675686448, 'choices': ['Valid', 'Invalid']}"
0xDe255AEefD61d58Eb2eE99C8Fd08c4c46213a734,1,1675435637,"{'id': '0x303862e5331679f13cc4d9040debc6cfb73f715b01fcdc91adc7b017b7ffdf6c', 'title': '[Epoch-16] MerkleTree Notarization', 'author': '0x0810C422E4abD05c752618B403d26cf60bB50B5C', 'created': 1675427257, 'start': 1675427248, 'end': 1675686448, 'choices': ['Valid', 'Invalid']}"
0x0252d89c8781b88858d5A2dbb8b9CF613f84917D,1,1675435238,"{'id': '0x303862e5331679f13cc4d9040debc6cfb73f715b01fcdc91adc7b017b7ffdf6c', 'title': '[Epoch-16] MerkleTree Notarization', 'author': '0x0810C422E4abD05c752618B403d26cf60bB50B5C', 'created': 1675427257, 'start': 1675427248, 'end': 1675686448, 'choices': ['Valid', 'Invalid']}"
0x34475AB5EC2795Bb4f6E9CeFC241bE51455ad266,1,1675434320,"{'id': '0x303862e5331679f13cc4d9040debc6cfb73f715b01fcdc91adc7b017b7ffdf6c', 'title': '[Epoch-16] MerkleTree Notarization', 'author': '0x0810C422E4abD05c752618B403d26cf60bB50B5C', 'created': 1675427257, 'start': 1675427248, 'end': 1675686448, 'choices': ['Valid', 'Invalid']}"
0x719028736f10164c838Ef129936779eD739312f2,1,1675434222,"{'id': '0x303862e5331679f13cc4d9040debc6cfb73f715b01fcdc91adc7b017b7ffdf6c', 'title': '[Epoch-16] MerkleTree Notarization', 'author': '0x0810C422E4abD05c752618B403d26cf60bB50B5C', 'created': 1675427257, 'start': 1675427248, 'end': 1675686448, 'choices': ['Valid', 'Invalid']}"
0xc4d6fdEA25346267441622FeB0e2618544Cef228,1,1675433920,"{'id': '0x303862e5331679f13cc4d9040debc6cfb73f715b01fcdc91adc7b017b7ffdf6c', 'title': '[Epoch-16] MerkleTree Notarization', 'author': '0x0810C422E4abD05c752618B403d26cf60bB50B5C', 'created': 1675427257, 'start': 1675427248, 'end': 1675686448, 'choices': ['Valid', 'Invalid']}"
0xEDDb8B0C46193cAEa0c2b453fb1e256AB68826Df,1,1675433836,"{'id': '0x303862e5331679f13cc4d9040debc6cfb73f715b01fcdc91adc7b017b7ffdf6c', 'title': '[Epoch-16] MerkleTree Notarization', 'author': '0x0810C422E4abD05c752618B403d26cf60bB50B5C', 'created': 1675427257, 'start': 1675427248, 'end': 1675686448, 'choices': ['Valid', 'Invalid']}"
0x477c8ece9393713D258169Aa50cDaF27E422214d,1,1675433745,"{'id': '0x303862e5331679f13cc4d9040debc6cfb73f715b01fcdc91adc7b017b7ffdf6c', 'title': '[Epoch-16] MerkleTree Notarization', 'author': '0x0810C422E4abD05c752618B403d26cf60bB50B5C', 'created': 1675427257, 'start': 1675427248, 'end': 1675686448, 'choices': ['Valid', 'Invalid']}"
0x71cfAfC5F334527Fd65821C0CbA69F000ad14F07,1,1675433502,"{'id': '0x303862e5331679f13cc4d9040debc6cfb73f715b01fcdc91adc7b017b7ffdf6c', 'title': '[Epoch-16] MerkleTree Notarization', 'author': '0x0810C422E4abD05c752618B403d26cf60bB50B5C', 'created': 1675427257, 'start': 1675427248, 'end': 1675686448, 'choices': ['Valid', 'Invalid']}"
0x22bE1f5e8544e71A390cED1b6a82b477b1127Ce5,1,1675432720,"{'id': '0x303862e5331679f13cc4d9040debc6cfb73f715b01fcdc91adc7b017b7ffdf6c', 'title': '[Epoch-16] MerkleTree Notarization', 'author': '0x0810C422E4abD05c752618B403d26cf60bB50B5C', 'created': 1675427257, 'start': 1675427248, 'end': 1675686448, 'choices': ['Valid', 'Invalid']}"
0xd2B0C055774F1057d1dCd8f3c26c83300Dc81F3c,1,1675432666,"{'id': '0x303862e5331679f13cc4d9040debc6cfb73f715b01fcdc91adc7b017b7ffdf6c', 'title': '[Epoch-16] MerkleTree Notarization', 'author': '0x0810C422E4abD05c752618B403d26cf60bB50B5C', 'created': 1675427257, 'start': 1675427248, 'end': 1675686448, 'choices': ['Valid', 'Invalid']}"
0x3b78637E124f302cA73257Ea6bABC705ac0208dc,1,1675432521,"{'id': '0x303862e5331679f13cc4d9040debc6cfb73f715b01fcdc91adc7b017b7ffdf6c', 'title': '[Epoch-16] MerkleTree Notarization', 'author': '0x0810C422E4abD05c752618B403d26cf60bB50B5C', 'created': 1675427257, 'start': 1675427248, 'end': 1675686448, 'choices': ['Valid', 'Invalid']}"
0x426cf0A8423A9522A78cd3325984AE000D425EeB,1,1675432479,"{'id': '0x303862e5331679f13cc4d9040debc6cfb73f715b01fcdc91adc7b017b7ffdf6c', 'title': '[Epoch-16] MerkleTree Notarization', 'author': '0x0810C422E4abD05c752618B403d26cf60bB50B5C', 'created': 1675427257, 'start': 1675427248, 'end': 1675686448, 'choices': ['Valid', 'Invalid']}"
0x0008bb335a71A97AE89CF99388d7BE70d7Ef4660,1,1675432298,"{'id': '0x303862e5331679f13cc4d9040debc6cfb73f715b01fcdc91adc7b017b7ffdf6c', 'title': '[Epoch-16] MerkleTree Notarization', 'author': '0x0810C422E4abD05c752618B403d26cf60bB50B5C', 'created': 1675427257, 'start': 1675427248, 'end': 1675686448, 'choices': ['Valid', 'Invalid']}"
0x8e851e94e1667Cd76Dda1A49f258934E2BCDCF3e,1,1675432153,"{'id': '0x303862e5331679f13cc4d9040debc6cfb73f715b01fcdc91adc7b017b7ffdf6c', 'title': '[Epoch-16] MerkleTree Notarization', 'author': '0x0810C422E4abD05c752618B403d26cf60bB50B5C', 'created': 1675427257, 'start': 1675427248, 'end': 1675686448, 'choices': ['Valid', 'Invalid']}"
0xADa1c199aa6f0D4340a2d8225ECd0804aAAF4690,1,1675432152,"{'id': '0x303862e5331679f13cc4d9040debc6cfb73f715b01fcdc91adc7b017b7ffdf6c', 'title': '[Epoch-16] MerkleTree Notarization', 'author': '0x0810C422E4abD05c752618B403d26cf60bB50B5C', 'created': 1675427257, 'start': 1675427248, 'end': 1675686448, 'choices': ['Valid', 'Invalid']}"
0xfF6139236404725d723E47Ee0068A8572a2f2f71,1,1675432130,"{'id': '0x303862e5331679f13cc4d9040debc6cfb73f715b01fcdc91adc7b017b7ffdf6c', 'title': '[Epoch-16] MerkleTree Notarization', 'author': '0x0810C422E4abD05c752618B403d26cf60bB50B5C', 'created': 1675427257, 'start': 1675427248, 'end': 1675686448, 'choices': ['Valid', 'Invalid']}"
0x9A0fAD09FE4eFb7Bfa3387CF548B1c5d023Be8De,1,1675432126,"{'id': '0x303862e5331679f13cc4d9040debc6cfb73f715b01fcdc91adc7b017b7ffdf6c', 'title': '[Epoch-16] MerkleTree Notarization', 'author': '0x0810C422E4abD05c752618B403d26cf60bB50B5C', 'created': 1675427257, 'start': 1675427248, 'end': 1675686448, 'choices': ['Valid', 'Invalid']}"
0x1DF7f562F33bdeb744FF93d987590FC47502B028,1,1675432053,"{'id': '0x303862e5331679f13cc4d9040debc6cfb73f715b01fcdc91adc7b017b7ffdf6c', 'title': '[Epoch-16] MerkleTree Notarization', 'author': '0x0810C422E4abD05c752618B403d26cf60bB50B5C', 'created': 1675427257, 'start': 1675427248, 'end': 1675686448, 'choices': ['Valid', 'Invalid']}"
0x9FEfB01133F63D81b10BCa1Ee47BE40ef6535443,1,1675431927,"{'id': '0x303862e5331679f13cc4d9040debc6cfb73f715b01fcdc91adc7b017b7ffdf6c', 'title': '[Epoch-16] MerkleTree Notarization', 'author': '0x0810C422E4abD05c752618B403d26cf60bB50B5C', 'created': 1675427257, 'start': 1675427248, 'end': 1675686448, 'choices': ['Valid', 'Invalid']}"
0x876EF6B0Bb42C9f28e71B0B2bA4E291EB9CcBaD5,1,1675431844,"{'id': '0x303862e5331679f13cc4d9040debc6cfb73f715b01fcdc91adc7b017b7ffdf6c', 'title': '[Epoch-16] MerkleTree Notarization', 'author': '0x0810C422E4abD05c752618B403d26cf60bB50B5C', 'created': 1675427257, 'start': 1675427248, 'end': 1675686448, 'choices': ['Valid', 'Invalid']}"
0xd71F12fb050751eA24898455d447e51AeE489bCe,1,1675431768,"{'id': '0x303862e5331679f13cc4d9040debc6cfb73f715b01fcdc91adc7b017b7ffdf6c', 'title': '[Epoch-16] MerkleTree Notarization', 'author': '0x0810C422E4abD05c752618B403d26cf60bB50B5C', 'created': 1675427257, 'start': 1675427248, 'end': 1675686448, 'choices': ['Valid', 'Invalid']}"
0x22ADC81De50eB7f27D11653BB925507Eee90C59a,1,1675431755,"{'id': '0x303862e5331679f13cc4d9040debc6cfb73f715b01fcdc91adc7b017b7ffdf6c', 'title': '[Epoch-16] MerkleTree Notarization', 'author': '0x0810C422E4abD05c752618B403d26cf60bB50B5C', 'created': 1675427257, 'start': 1675427248, 'end': 1675686448, 'choices': ['Valid', 'Invalid']}"
0x88535807ec0372e036De140612B3cc1bAb2bC7a5,1,1675431724,"{'id': '0x303862e5331679f13cc4d9040debc6cfb73f715b01fcdc91adc7b017b7ffdf6c', 'title': '[Epoch-16] MerkleTree Notarization', 'author': '0x0810C422E4abD05c752618B403d26cf60bB50B5C', 'created': 1675427257, 'start': 1675427248, 'end': 1675686448, 'choices': ['Valid', 'Invalid']}"
0x25CC275CFE3Cce1700E816e00d4CD1f60872038A,1,1675431620,"{'id': '0x303862e5331679f13cc4d9040debc6cfb73f715b01fcdc91adc7b017b7ffdf6c', 'title': '[Epoch-16] MerkleTree Notarization', 'author': '0x0810C422E4abD05c752618B403d26cf60bB50B5C', 'created': 1675427257, 'start': 1675427248, 'end': 1675686448, 'choices': ['Valid', 'Invalid']}"
0x948FED1E5ea61971C9CcfC05688d6d7b25458581,1,1675431358,"{'id': '0x303862e5331679f13cc4d9040debc6cfb73f715b01fcdc91adc7b017b7ffdf6c', 'title': '[Epoch-16] MerkleTree Notarization', 'author': '0x0810C422E4abD05c752618B403d26cf60bB50B5C', 'created': 1675427257, 'start': 1675427248, 'end': 1675686448, 'choices': ['Valid', 'Invalid']}"
0xa056D660D21FF59a52e2d9Adf1eEfAFFAa875814,1,1675431034,"{'id': '0x303862e5331679f13cc4d9040debc6cfb73f715b01fcdc91adc7b017b7ffdf6c', 'title': '[Epoch-16] MerkleTree Notarization', 'author': '0x0810C422E4abD05c752618B403d26cf60bB50B5C', 'created': 1675427257, 'start': 1675427248, 'end': 1675686448, 'choices': ['Valid', 'Invalid']}"
0xFbEA6F2B10e8Ee770F37Fff9B8C9E10d9B65741D,1,1675430954,"{'id': '0x303862e5331679f13cc4d9040debc6cfb73f715b01fcdc91adc7b017b7ffdf6c', 'title': '[Epoch-16] MerkleTree Notarization', 'author': '0x0810C422E4abD05c752618B403d26cf60bB50B5C', 'created': 1675427257, 'start': 1675427248, 'end': 1675686448, 'choices': ['Valid', 'Invalid']}"
0x3b1aeeA1C8E8f627D0411Ebd2F3b655eD0Fdb7e4,1,1675430482,"{'id': '0x303862e5331679f13cc4d9040debc6cfb73f715b01fcdc91adc7b017b7ffdf6c', 'title': '[Epoch-16] MerkleTree Notarization', 'author': '0x0810C422E4abD05c752618B403d26cf60bB50B5C', 'created': 1675427257, 'start': 1675427248, 'end': 1675686448, 'choices': ['Valid', 'Invalid']}"
0x9d77056156459335001147c870D10748182c6A86,1,1675430455,"{'id': '0x303862e5331679f13cc4d9040debc6cfb73f715b01fcdc91adc7b017b7ffdf6c', 'title': '[Epoch-16] MerkleTree Notarization', 'author': '0x0810C422E4abD05c752618B403d26cf60bB50B5C', 'created': 1675427257, 'start': 1675427248, 'end': 1675686448, 'choices': ['Valid', 'Invalid']}"
0xDE2cA70e71829962A99A2552D826ac37e51882E7,1,1675430319,"{'id': '0x303862e5331679f13cc4d9040debc6cfb73f715b01fcdc91adc7b017b7ffdf6c', 'title': '[Epoch-16] MerkleTree Notarization', 'author': '0x0810C422E4abD05c752618B403d26cf60bB50B5C', 'created': 1675427257, 'start': 1675427248, 'end': 1675686448, 'choices': ['Valid', 'Invalid']}"
0x17196B4d4b38335018FbACc031aD198bc92C5bee,1,1675430281,"{'id': '0x303862e5331679f13cc4d9040debc6cfb73f715b01fcdc91adc7b017b7ffdf6c', 'title': '[Epoch-16] MerkleTree Notarization', 'author': '0x0810C422E4abD05c752618B403d26cf60bB50B5C', 'created': 1675427257, 'start': 1675427248, 'end': 1675686448, 'choices': ['Valid', 'Invalid']}"
0xa0e328f9CABB36f9F45904AF9651Ed32314E9F2A,1,1675430218,"{'id': '0x303862e5331679f13cc4d9040debc6cfb73f715b01fcdc91adc7b017b7ffdf6c', 'title': '[Epoch-16] MerkleTree Notarization', 'author': '0x0810C422E4abD05c752618B403d26cf60bB50B5C', 'created': 1675427257, 'start': 1675427248, 'end': 1675686448, 'choices': ['Valid', 'Invalid']}"
0xa1E91a4CF28f8C098C7bAb3093734Ad38B89f278,1,1675430092,"{'id': '0x303862e5331679f13cc4d9040debc6cfb73f715b01fcdc91adc7b017b7ffdf6c', 'title': '[Epoch-16] MerkleTree Notarization', 'author': '0x0810C422E4abD05c752618B403d26cf60bB50B5C', 'created': 1675427257, 'start': 1675427248, 'end': 1675686448, 'choices': ['Valid', 'Invalid']}"
0x9aDe42F4Ac329Ea6C37313c00366e6CCcba7B5AE,1,1675430064,"{'id': '0x303862e5331679f13cc4d9040debc6cfb73f715b01fcdc91adc7b017b7ffdf6c', 'title': '[Epoch-16] MerkleTree Notarization', 'author': '0x0810C422E4abD05c752618B403d26cf60bB50B5C', 'created': 1675427257, 'start': 1675427248, 'end': 1675686448, 'choices': ['Valid', 'Invalid']}"
0xB4dC4C7460c58E7652Cd615675a1F707EbB67E9a,1,1675429356,"{'id': '0x303862e5331679f13cc4d9040debc6cfb73f715b01fcdc91adc7b017b7ffdf6c', 'title': '[Epoch-16] MerkleTree Notarization', 'author': '0x0810C422E4abD05c752618B403d26cf60bB50B5C', 'created': 1675427257, 'start': 1675427248, 'end': 1675686448, 'choices': ['Valid', 'Invalid']}"
0xEC6Ba66a6D19fC4B6e123fBDBa59e310d6D767E0,1,1675428453,"{'id': '0x303862e5331679f13cc4d9040debc6cfb73f715b01fcdc91adc7b017b7ffdf6c', 'title': '[Epoch-16] MerkleTree Notarization', 'author': '0x0810C422E4abD05c752618B403d26cf60bB50B5C', 'created': 1675427257, 'start': 1675427248, 'end': 1675686448, 'choices': ['Valid', 'Invalid']}"
0x2024F13B2Fdb7957FEb422Af38eDd5218e79cE05,1,1675428408,"{'id': '0x303862e5331679f13cc4d9040debc6cfb73f715b01fcdc91adc7b017b7ffdf6c', 'title': '[Epoch-16] MerkleTree Notarization', 'author': '0x0810C422E4abD05c752618B403d26cf60bB50B5C', 'created': 1675427257, 'start': 1675427248, 'end': 1675686448, 'choices': ['Valid', 'Invalid']}"
0x84bcfa8Fe160b271dc49B1Fb263ad995e0C2c1dF,1,1675428384,"{'id': '0x303862e5331679f13cc4d9040debc6cfb73f715b01fcdc91adc7b017b7ffdf6c', 'title': '[Epoch-16] MerkleTree Notarization', 'author': '0x0810C422E4abD05c752618B403d26cf60bB50B5C', 'created': 1675427257, 'start': 1675427248, 'end': 1675686448, 'choices': ['Valid', 'Invalid']}"
0x21210E9f52300880E61D0fD0D08d1b882a6369f9,1,1675428349,"{'id': '0x303862e5331679f13cc4d9040debc6cfb73f715b01fcdc91adc7b017b7ffdf6c', 'title': '[Epoch-16] MerkleTree Notarization', 'author': '0x0810C422E4abD05c752618B403d26cf60bB50B5C', 'created': 1675427257, 'start': 1675427248, 'end': 1675686448, 'choices': ['Valid', 'Invalid']}"
0x4188c45B8dfC8998Ceee2398e746deC2797B0961,1,1675428279,"{'id': '0x303862e5331679f13cc4d9040debc6cfb73f715b01fcdc91adc7b017b7ffdf6c', 'title': '[Epoch-16] MerkleTree Notarization', 'author': '0x0810C422E4abD05c752618B403d26cf60bB50B5C', 'created': 1675427257, 'start': 1675427248, 'end': 1675686448, 'choices': ['Valid', 'Invalid']}"
0x854f18D14E09Af41AA458A9DF7aa5Bd0cd3BE7E6,1,1675428249,"{'id': '0x303862e5331679f13cc4d9040debc6cfb73f715b01fcdc91adc7b017b7ffdf6c', 'title': '[Epoch-16] MerkleTree Notarization', 'author': '0x0810C422E4abD05c752618B403d26cf60bB50B5C', 'created': 1675427257, 'start': 1675427248, 'end': 1675686448, 'choices': ['Valid', 'Invalid']}"
0xF8C84C6A4f1083f7a7Fd94885B303A3974116D82,1,1675428210,"{'id': '0x303862e5331679f13cc4d9040debc6cfb73f715b01fcdc91adc7b017b7ffdf6c', 'title': '[Epoch-16] MerkleTree Notarization', 'author': '0x0810C422E4abD05c752618B403d26cf60bB50B5C', 'created': 1675427257, 'start': 1675427248, 'end': 1675686448, 'choices': ['Valid', 'Invalid']}"
0x2346B18e56010272035e8eA7CF4C757Fc4E3f46a,1,1675428151,"{'id': '0x303862e5331679f13cc4d9040debc6cfb73f715b01fcdc91adc7b017b7ffdf6c', 'title': '[Epoch-16] MerkleTree Notarization', 'author': '0x0810C422E4abD05c752618B403d26cf60bB50B5C', 'created': 1675427257, 'start': 1675427248, 'end': 1675686448, 'choices': ['Valid', 'Invalid']}"
0x19dd92C9A9c4Eb6f0426846C4F8a071A7b79209A,1,1675428099,"{'id': '0x303862e5331679f13cc4d9040debc6cfb73f715b01fcdc91adc7b017b7ffdf6c', 'title': '[Epoch-16] MerkleTree Notarization', 'author': '0x0810C422E4abD05c752618B403d26cf60bB50B5C', 'created': 1675427257, 'start': 1675427248, 'end': 1675686448, 'choices': ['Valid', 'Invalid']}"
0xAC9283ebcd0c41FAA7A5399Ad94acc444954b446,1,1675428032,"{'id': '0x303862e5331679f13cc4d9040debc6cfb73f715b01fcdc91adc7b017b7ffdf6c', 'title': '[Epoch-16] MerkleTree Notarization', 'author': '0x0810C422E4abD05c752618B403d26cf60bB50B5C', 'created': 1675427257, 'start': 1675427248, 'end': 1675686448, 'choices': ['Valid', 'Invalid']}"
0x0810C422E4abD05c752618B403d26cf60bB50B5C,1,1675428013,"{'id': '0x303862e5331679f13cc4d9040debc6cfb73f715b01fcdc91adc7b017b7ffdf6c', 'title': '[Epoch-16] MerkleTree Notarization', 'author': '0x0810C422E4abD05c752618B403d26cf60bB50B5C', 'created': 1675427257, 'start': 1675427248, 'end': 1675686448, 'choices': ['Valid', 'Invalid']}"
0x2459d93923CC940E3AA1935Ead83eF8011534BB1,1,1675427922,"{'id': '0x303862e5331679f13cc4d9040debc6cfb73f715b01fcdc91adc7b017b7ffdf6c', 'title': '[Epoch-16] MerkleTree Notarization', 'author': '0x0810C422E4abD05c752618B403d26cf60bB50B5C', 'created': 1675427257, 'start': 1675427248, 'end': 1675686448, 'choices': ['Valid', 'Invalid']}"
0xb3a7FBC2fa38C18ad4433aE93FE7F215Fd2D057f,1,1675427675,"{'id': '0x303862e5331679f13cc4d9040debc6cfb73f715b01fcdc91adc7b017b7ffdf6c', 'title': '[Epoch-16] MerkleTree Notarization', 'author': '0x0810C422E4abD05c752618B403d26cf60bB50B5C', 'created': 1675427257, 'start': 1675427248, 'end': 1675686448, 'choices': ['Valid', 'Invalid']}"
0x519A0dF0Bd2b586b6F7126799c30A243E13ABCbe,1,1675427525,"{'id': '0x303862e5331679f13cc4d9040debc6cfb73f715b01fcdc91adc7b017b7ffdf6c', 'title': '[Epoch-16] MerkleTree Notarization', 'author': '0x0810C422E4abD05c752618B403d26cf60bB50B5C', 'created': 1675427257, 'start': 1675427248, 'end': 1675686448, 'choices': ['Valid', 'Invalid']}"
0x05553bA4d6c81d877543A168E3238C07978Cc083,1,1675427472,"{'id': '0x303862e5331679f13cc4d9040debc6cfb73f715b01fcdc91adc7b017b7ffdf6c', 'title': '[Epoch-16] MerkleTree Notarization', 'author': '0x0810C422E4abD05c752618B403d26cf60bB50B5C', 'created': 1675427257, 'start': 1675427248, 'end': 1675686448, 'choices': ['Valid', 'Invalid']}"
0x964Ca78fA3ab137e5BA050DD2C3531B629374A39,1,1675427433,"{'id': '0x303862e5331679f13cc4d9040debc6cfb73f715b01fcdc91adc7b017b7ffdf6c', 'title': '[Epoch-16] MerkleTree Notarization', 'author': '0x0810C422E4abD05c752618B403d26cf60bB50B5C', 'created': 1675427257, 'start': 1675427248, 'end': 1675686448, 'choices': ['Valid', 'Invalid']}"
0x00C67d9D6D3D13b42a87424E145826c467CcCd84,1,1675427415,"{'id': '0x303862e5331679f13cc4d9040debc6cfb73f715b01fcdc91adc7b017b7ffdf6c', 'title': '[Epoch-16] MerkleTree Notarization', 'author': '0x0810C422E4abD05c752618B403d26cf60bB50B5C', 'created': 1675427257, 'start': 1675427248, 'end': 1675686448, 'choices': ['Valid', 'Invalid']}"
0xffAd4836B73A1CE5D86230e98Cb3E52cde35379e,1,1675427310,"{'id': '0x303862e5331679f13cc4d9040debc6cfb73f715b01fcdc91adc7b017b7ffdf6c', 'title': '[Epoch-16] MerkleTree Notarization', 'author': '0x0810C422E4abD05c752618B403d26cf60bB50B5C', 'created': 1675427257, 'start': 1675427248, 'end': 1675686448, 'choices': ['Valid', 'Invalid']}"
